Key,routineStart,routineEnd,participant_id
1spl1,1680003250,1680003260,1
1spl2,1680003260,1680003268,1
1Item1,1680003268,1680003276,1
1Item2,1680003276,1680003290,1
1Item3,1680003291,1680003307,1
1Item4,1680003307,1680003325,1
1Item5,1680003325,1680003351,1
1Item6,1680003351,1680003359,1
1Item7,1680003359,1680003368,1
1Item8,1680003368,1680003385,1
1Item9,1680003385,1680003394,1
1Item10,1680003394,1680003416,1
2spl1,1680003479,1680003485,1
2spl2,1680003487,1680003494,1
2Item1,1680003495,1680003500,1
2Item2,1680003501,1680003504,1
2Item3,1680003505,1680003511,1
2Item4,1680003512,1680003523,1
2Item5,1680003524,1680003531,1
2Item6,1680003532,1680003545,1
2Item7,1680003546,1680003581,1
2Item8,1680003582,1680003590,1
2Item9,1680003591,1680003610,1
2Item10,1680003611,1680003626,1
3spl1,1680003673,1680003677,1
3spl2,1680003677,1680003680,1
3Item15,1680003680,1680003688,1
3Item2,1680003688,1680003691,1
3Item5,1680003691,1680003694,1
3Item12,1680003694,1680003702,1
3Item6,1680003702,1680003706,1
3Item8,1680003706,1680003718,1
3Item7,1680003718,1680003724,1
3Item9,1680003724,1680003746,1
3Item17,1680003746,1680003757,1
3Item19,1680003757,1680003770,1
3Item11,1680003770,1680003781,1
3Item4,1680003781,1680003791,1
3Item13,1680003791,1680003799,1
3Item10,1680003799,1680003800,1
1spl1,1676984654,1676984665,2
1spl2,1676984665,1676984669,2
1Item1,1676984669,1676984676,2
1Item2,1676984676,1676984689,2
1Item3,1676984689,1676984707,2
1Item4,1676984707,1676984735,2
1Item5,1676984735,1676984772,2
1Item6,1676984772,1676984799,2
1Item7,1676984799,1676984812,2
1Item8,1676984812,1676984839,2
1Item9,1676984839,1676984872,2
1Item10,1676984872,1676984878,2
2spl1,1676984952,1676984968,2
2spl2,1676984970,1676984984,2
2Item1,1676984987,1676985004,2
2Item2,1676985006,1676985021,2
2Item3,1676985022,1676985047,2
2Item4,1676985049,1676985059,2
2Item5,1676985060,1676985076,2
2Item6,1676985077,1676985094,2
2Item7,1676985095,1676985116,2
2Item8,1676985117,1676985131,2
2Item9,1676985132,1676985161,2
2Item10,1676985164,1676985184,2
3spl1,1676985259,1676985270,2
3Item15,1676985271,1676985281,2
3Item2,1676985281,1676985300,2
3Item5,1676985300,1676985314,2
3Item12,1676985314,1676985330,2
3Item6,1676985330,1676985346,2
3Item8,1676985346,1676985364,2
3Item7,1676985364,1676985379,2
3Item9,1676985379,1676985391,2
1spl1,1678717040,1678717059,3
1spl2,1678717059,1678717080,3
1Item1,1678717080,1678717105,3
1Item2,1678717105,1678717132,3
1Item3,1678717132,1678717149,3
1Item4,1678717149,1678717173,3
1Item5,1678717173,1678717256,3
1Item6,1678717256,1678717276,3
1Item7,1678717276,1678717296,3
1Item8,1678717296,1678717326,3
1Item9,1678717326,1678717357,3
1Item10,1678717357,1678717377,3
2spl1,1678717516,1678717524,3
2spl2,1678717527,1678717538,3
2Item1,1678717543,1678717553,3
2Item2,1678717555,1678717565,3
2Item3,1678717566,1678717587,3
2Item4,1678717588,1678717608,3
2Item5,1678717609,1678717633,3
2Item6,1678717634,1678717652,3
2Item7,1678717653,1678717704,3
2Item8,1678717705,1678717745,3
2Item9,1678717746,1678717774,3
2Item10,1678717775,1678717825,3
3spl1,1678717906,1678717912,3
3Item15,1678717918,1678717928,3
3Item2,1678717928,1678717937,3
3Item5,1678717937,1678717943,3
3Item12,1678717943,1678717957,3
3Item6,1678717957,1678717964,3
3Item8,1678717964,1678717974,3
3Item7,1678717974,1678717987,3
3Item9,1678717987,1678717993,3
3Item17,1678717993,1678718004,3
3Item19,1678718004,1678718007,3
3Item11,1678718007,1678718011,3
3Item4,1678718011,1678718019,3
3Item13,1678718019,1678718025,3
3Item10,1678718025,1678718029,3
3Item14,1678718029,1678718034,3
3Item3,1678718034,1678718037,3
3Item20,1678718037,1678718039,3
1spl1,1676378841,1676378850,4
1spl2,1676378850,1676378860,4
1Item1,1676378860,1676378876,4
1Item2,1676378876,1676378901,4
1Item3,1676378901,1676378931,4
1Item4,1676378931,1676378958,4
1Item5,1676378958,1676378973,4
1Item6,1676378973,1676378991,4
1Item7,1676378991,1676379025,4
1Item8,1676379025,1676379050,4
1Item9,1676379050,1676379075,4
1Item10,1676379075,1676379094,4
2spl1,1676379183,1676379192,4
2spl2,1676379195,1676379203,4
2Item1,1676379205,1676379218,4
2Item2,1676379222,1676379237,4
2Item3,1676379240,1676379256,4
2Item4,1676379258,1676379290,4
2Item5,1676379291,1676379311,4
2Item6,1676379313,1676379332,4
2Item7,1676379333,1676379353,4
2Item8,1676379354,1676379365,4
2Item9,1676379369,1676379383,4
2Item10,1676379385,1676379408,4
3spl1,1676379474,1676379482,4
3Item15,1676379486,1676379494,4
3Item2,1676379494,1676379497,4
3Item5,1676379497,1676379503,4
3Item12,1676379503,1676379514,4
3Item6,1676379514,1676379518,4
3Item8,1676379518,1676379531,4
3Item7,1676379531,1676379537,4
3Item9,1676379537,1676379547,4
3Item17,1676379547,1676379552,4
3Item19,1676379552,1676379564,4
3Item11,1676379564,1676379573,4
3Item4,1676379573,1676379578,4
3Item13,1676379578,1676379582,4
3Item10,1676379582,1676379588,4
3Item14,1676379588,1676379601,4
3Item3,1676379601,1676379605,4
3Item20,1676379605,1676379607,4
1spl1,1676462372,1676462405,5
1spl2,1676462405,1676462431,5
1Item1,1676462431,1676462455,5
1Item2,1676462455,1676462493,5
1Item3,1676462493,1676462514,5
1Item4,1676462514,1676462545,5
1Item5,1676462545,1676462605,5
1Item6,1676462605,1676462651,5
1Item7,1676462651,1676462681,5
1Item8,1676462681,1676462705,5
1Item9,1676462705,1676462710,5
1Item10,1676462710,1676462719,5
2spl1,1676462829,1676462843,5
2spl2,1676462846,1676462859,5
2Item1,1676462860,1676462878,5
2Item2,1676462879,1676462893,5
2Item3,1676462894,1676462907,5
2Item4,1676462909,1676462932,5
2Item5,1676462932,1676462960,5
2Item6,1676462961,1676462986,5
2Item7,1676462987,1676463026,5
2Item8,1676463027,1676463069,5
2Item9,1676463070,1676463089,5
2Item10,1676463090,1676463143,5
3spl1,1676463225,1676463230,5
3spl2,1676463230,1676463235,5
3Item15,1676463235,1676463244,5
3Item2,1676463244,1676463250,5
3Item5,1676463250,1676463255,5
3Item12,1676463255,1676463259,5
3Item6,1676463259,1676463262,5
3Item8,1676463262,1676463271,5
3Item7,1676463271,1676463278,5
3Item9,1676463278,1676463288,5
3Item17,1676463288,1676463296,5
3Item19,1676463296,1676463316,5
3Item11,1676463316,1676463322,5
3Item4,1676463322,1676463328,5
3Item13,1676463328,1676463330,5
3Item10,1676463330,1676463334,5
3Item14,1676463334,1676463337,5
3Item3,1676463337,1676463341,5
3Item20,1676463341,1676463349,5
3Item18,1676463349,1676463355,5
1spl1,1679142861,1679142895,6
1Item1,1679142921,1679142959,6
1Item2,1679142959,1679142996,6
1Item3,1679142996,1679143073,6
1Item4,1679143073,1679143119,6
1Item5,1679143119,1679143181,6
1Item6,1679143181,1679143210,6
1Item7,1679143210,1679143221,6
2spl1,1679143333,1679143342,6
2spl2,1679143344,1679143364,6
2Item1,1679143367,1679143393,6
2Item2,1679143395,1679143414,6
2Item3,1679143415,1679143440,6
2Item4,1679143442,1679143495,6
2Item5,1679143496,1679143540,6
2Item6,1679143541,1679143572,6
2Item7,1679143573,1679143622,6
2Item8,1679143623,1679143651,6
2Item9,1679143652,1679143661,6
2Item10,1679143663,1679143680,6
1spl1,1675687951,1675687967,7
1spl2,1675687967,1675687992,7
1Item1,1675687992,1675687997,7
1Item2,1675687997,1675688003,7
1Item3,1675688003,1675688022,7
1Item4,1675688022,1675688036,7
1Item5,1675688036,1675688051,7
1Item6,1675688051,1675688068,7
1Item7,1675688068,1675688078,7
1Item8,1675688078,1675688089,7
1Item9,1675688089,1675688102,7
1Item10,1675688102,1675688128,7
2spl1,1675688274,1675688289,7
2spl2,1675688292,1675688312,7
2Item1,1675688316,1675688328,7
2Item2,1675688330,1675688339,7
2Item3,1675688341,1675688356,7
2Item4,1675688357,1675688379,7
2Item5,1675688381,1675688397,7
2Item6,1675688399,1675688413,7
2Item7,1675688414,1675688444,7
2Item8,1675688446,1675688466,7
2Item9,1675688469,1675688485,7
2Item10,1675688487,1675688507,7
3spl1,1675688611,1675688621,7
3Item15,1675688623,1675688644,7
3Item2,1675688644,1675688650,7
3Item5,1675688650,1675688657,7
3Item12,1675688657,1675688666,7
3Item6,1675688666,1675688674,7
3Item8,1675688674,1675688691,7
3Item7,1675688691,1675688700,7
3Item9,1675688700,1675688722,7
3Item17,1675688722,1675688739,7
3Item19,1675688739,1675688743,7
1spl1,1675427316,1675427322,8
1spl2,1675427322,1675427327,8
1Item1,1675427327,1675427334,8
1Item2,1675427334,1675427341,8
1Item3,1675427341,1675427349,8
1Item4,1675427349,1675427361,8
1Item5,1675427361,1675427364,8
1Item6,1675427364,1675427375,8
1Item7,1675427375,1675427380,8
1Item8,1675427380,1675427385,8
1Item9,1675427385,1675427392,8
1Item10,1675427392,1675427412,8
2spl1,1675427472,1675427477,8
2spl2,1675427480,1675427489,8
2Item1,1675427490,1675427493,8
2Item2,1675427494,1675427497,8
2Item3,1675427498,1675427503,8
2Item4,1675427504,1675427510,8
2Item5,1675427511,1675427516,8
2Item6,1675427517,1675427525,8
2Item7,1675427525,1675427530,8
2Item8,1675427531,1675427536,8
2Item9,1675427538,1675427543,8
2Item10,1675427544,1675427553,8
3spl1,1675427601,1675427605,8
3spl2,1675427605,1675427608,8
3Item15,1675427608,1675427613,8
3Item2,1675427613,1675427616,8
3Item5,1675427616,1675427627,8
3Item12,1675427627,1675427633,8
3Item6,1675427633,1675427638,8
3Item8,1675427638,1675427649,8
3Item7,1675427649,1675427657,8
3Item9,1675427657,1675427664,8
3Item17,1675427664,1675427674,8
3Item19,1675427674,1675427697,8
3Item11,1675427697,1675427702,8
3Item4,1675427702,1675427706,8
3Item13,1675427706,1675427710,8
3Item10,1675427710,1675427716,8
3Item14,1675427716,1675427724,8
3Item3,1675427724,1675427729,8
1spl1,1676374883,1676374891,9
1spl2,1676374892,1676374906,9
1Item1,1676374906,1676374913,9
1Item2,1676374913,1676374933,9
1Item3,1676374933,1676374947,9
1Item4,1676374947,1676374960,9
1Item5,1676374960,1676374980,9
1Item6,1676374980,1676375001,9
1Item7,1676375001,1676375026,9
1Item8,1676375026,1676375100,9
1Item9,1676375100,1676375149,9
1Item10,1676375149,1676375182,9
2spl1,1676375270,1676375278,9
2spl2,1676375282,1676375288,9
2Item1,1676375291,1676375302,9
2Item2,1676375304,1676375311,9
2Item3,1676375312,1676375317,9
2Item4,1676375318,1676375350,9
2Item5,1676375351,1676375366,9
2Item6,1676375367,1676375386,9
2Item7,1676375387,1676375423,9
2Item8,1676375424,1676375489,9
2Item9,1676375490,1676375523,9
2Item10,1676375524,1676375586,9
3spl1,1676375671,1676375676,9
3Item15,1676375683,1676375697,9
3Item2,1676375697,1676375703,9
3Item5,1676375703,1676375707,9
3Item12,1676375707,1676375720,9
3Item6,1676375720,1676375727,9
3Item8,1676375727,1676375737,9
3Item7,1676375737,1676375743,9
3Item9,1676375743,1676375759,9
3Item17,1676375759,1676375770,9
3Item19,1676375770,1676375785,9
3Item11,1676375785,1676375799,9
3Item4,1676375799,1676375802,9
3Item13,1676375802,1676375804,9
1spl1,1677153275,1677153295,10
1spl2,1677153295,1677153304,10
1Item1,1677153304,1677153329,10
1Item2,1677153329,1677153366,10
1Item3,1677153366,1677153382,10
1Item4,1677153382,1677153391,10
1Item5,1677153391,1677153413,10
1Item6,1677153413,1677153436,10
1Item7,1677153436,1677153459,10
1Item8,1677153459,1677153474,10
1Item9,1677153474,1677153501,10
1Item10,1677153501,1677153518,10
2spl1,1677153682,1677153690,10
2spl2,1677153692,1677153709,10
2Item1,1677153718,1677153728,10
2Item2,1677153730,1677153741,10
2Item3,1677153742,1677153763,10
2Item4,1677153765,1677153776,10
2Item5,1677153778,1677153802,10
2Item6,1677153803,1677153816,10
2Item7,1677153817,1677153865,10
2Item8,1677153867,1677153893,10
2Item9,1677153894,1677153899,10
2Item10,1677153900,1677153906,10
3spl1,1677154000,1677154005,10
3spl2,1677154005,1677154008,10
3Item15,1677154008,1677154014,10
3Item2,1677154014,1677154023,10
3Item5,1677154023,1677154029,10
3Item12,1677154029,1677154044,10
3Item6,1677154044,1677154052,10
3Item8,1677154052,1677154060,10
3Item7,1677154060,1677154082,10
3Item9,1677154082,1677154113,10
3Item17,1677154113,1677154118,10
3Item19,1677154118,1677154123,10
3Item11,1677154123,1677154126,10
3Item4,1677154126,1677154129,10
1spl1,1676893876,1676893895,11
1spl2,1676893895,1676893901,11
1Item1,1676893901,1676893912,11
1Item2,1676893912,1676893957,11
1Item3,1676893957,1676894036,11
1Item4,1676894036,1676894085,11
1Item5,1676894085,1676894110,11
1Item6,1676894110,1676894123,11
1Item7,1676894123,1676894131,11
1Item8,1676894131,1676894143,11
1Item9,1676894143,1676894160,11
1Item10,1676894160,1676894191,11
2spl1,1676894314,1676894319,11
2spl2,1676894321,1676894324,11
2Item1,1676894330,1676894333,11
2Item2,1676894334,1676894343,11
2Item3,1676894345,1676894349,11
2Item4,1676894350,1676894359,11
2Item5,1676894365,1676894398,11
2Item6,1676894402,1676894435,11
2Item7,1676894436,1676894508,11
2Item8,1676894510,1676894555,11
2Item9,1676894557,1676894568,11
2Item10,1676894570,1676894586,11
3spl1,1676894665,1676894668,11
3spl2,1676894668,1676894673,11
3Item15,1676894673,1676894687,11
3Item2,1676894687,1676894689,11
3Item5,1676894689,1676894693,11
3Item12,1676894693,1676894697,11
3Item6,1676894697,1676894700,11
3Item8,1676894700,1676894711,11
3Item7,1676894711,1676894719,11
3Item9,1676894719,1676894723,11
3Item17,1676894723,1676894729,11
3Item19,1676894729,1676894749,11
3Item11,1676894749,1676894764,11
3Item4,1676894764,1676894769,11
3Item13,1676894769,1676894775,11
3Item10,1676894775,1676894778,11
3Item14,1676894778,1676894785,11
3Item3,1676894785,1676894790,11
3Item20,1676894790,1676894792,11
3Item18,1676894792,1676894793,11
1spl1,1675773300,1675773303,12
1spl2,1675773303,1675773317,12
1Item1,1675773317,1675773324,12
1Item2,1675773324,1675773334,12
1Item3,1675773334,1675773349,12
1Item4,1675773349,1675773361,12
1Item5,1675773361,1675773382,12
1Item6,1675773382,1675773393,12
1Item7,1675773393,1675773404,12
1Item8,1675773404,1675773419,12
1Item9,1675773419,1675773432,12
1Item10,1675773432,1675773444,12
2spl1,1675773532,1675773537,12
2spl2,1675773540,1675773548,12
2Item1,1675773551,1675773557,12
2Item2,1675773558,1675773564,12
2Item3,1675773565,1675773575,12
2Item4,1675773576,1675773586,12
2Item5,1675773587,1675773598,12
2Item6,1675773599,1675773623,12
2Item7,1675773624,1675773632,12
2Item8,1675773633,1675773641,12
2Item9,1675773642,1675773659,12
2Item10,1675773660,1675773675,12
3spl1,1675773731,1675773736,12
3Item15,1675773743,1675773744,12
3Item2,1675773744,1675773746,12
3Item5,1675773746,1675773749,12
3Item12,1675773749,1675773753,12
3Item6,1675773753,1675773755,12
3Item8,1675773755,1675773761,12
3Item7,1675773761,1675773768,12
3Item9,1675773768,1675773776,12
3Item17,1675773776,1675773780,12
3Item19,1675773780,1675773790,12
3Item11,1675773790,1675773794,12
3Item4,1675773794,1675773799,12
3Item13,1675773799,1675773804,12
3Item10,1675773804,1675773812,12
3Item14,1675773812,1675773817,12
3Item3,1675773817,1675773822,12
3Item20,1675773822,1675773826,12
3Item18,1675773826,1675773830,12
3Item16,1675773830,1675773833,12
3Item1,1675773833,1675773837,12
1spl1,1676637543,1676637560,13
1spl2,1676637560,1676637586,13
1Item1,1676637586,1676637601,13
1Item2,1676637601,1676637625,13
1Item3,1676637625,1676637643,13
1Item4,1676637643,1676637672,13
1Item5,1676637672,1676637720,13
1Item6,1676637720,1676637745,13
1Item7,1676637745,1676637787,13
1Item8,1676637787,1676637808,13
1Item9,1676637809,1676637843,13
1Item10,1676637843,1676637886,13
2spl1,1676638062,1676638068,13
2spl2,1676638071,1676638081,13
2Item1,1676638084,1676638092,13
2Item2,1676638094,1676638099,13
2Item3,1676638101,1676638110,13
2Item4,1676638112,1676638132,13
2Item5,1676638138,1676638149,13
2Item6,1676638152,1676638181,13
2Item7,1676638183,1676638197,13
2Item8,1676638199,1676638267,13
2Item9,1676638269,1676638297,13
2Item10,1676638299,1676638334,13
3spl1,1676638418,1676638422,13
3spl2,1676638422,1676638427,13
3Item15,1676638428,1676638435,13
3Item2,1676638435,1676638442,13
3Item5,1676638442,1676638446,13
3Item12,1676638446,1676638453,13
3Item6,1676638453,1676638460,13
3Item8,1676638460,1676638470,13
3Item7,1676638470,1676638477,13
3Item9,1676638477,1676638489,13
3Item17,1676638489,1676638495,13
3Item19,1676638495,1676638504,13
3Item11,1676638504,1676638508,13
3Item4,1676638508,1676638516,13
3Item13,1676638516,1676638523,13
3Item10,1676638523,1676638529,13
3Item14,1676638529,1676638539,13
3Item3,1676638539,1676638548,13
1spl1,1676808582,1676808593,14
1spl2,1676808593,1676808601,14
1Item1,1676808601,1676808609,14
1Item2,1676808609,1676808615,14
1Item3,1676808615,1676808621,14
1Item4,1676808621,1676808630,14
1Item5,1676808630,1676808662,14
1Item6,1676808662,1676808706,14
1Item7,1676808706,1676808747,14
1Item8,1676808747,1676808802,14
1Item9,1676808802,1676808845,14
1Item10,1676808845,1676808886,14
2spl1,1676809000,1676809010,14
2spl2,1676809013,1676809033,14
2Item1,1676809036,1676809044,14
2Item2,1676809046,1676809051,14
2Item3,1676809052,1676809057,14
2Item4,1676809058,1676809073,14
2Item5,1676809074,1676809082,14
2Item6,1676809082,1676809113,14
2Item7,1676809115,1676809127,14
2Item8,1676809128,1676809156,14
2Item9,1676809157,1676809183,14
2Item10,1676809192,1676809219,14
3spl1,1676809303,1676809311,14
3Item15,1676809315,1676809327,14
3Item2,1676809327,1676809335,14
3Item5,1676809335,1676809342,14
3Item12,1676809342,1676809366,14
3Item6,1676809366,1676809372,14
3Item8,1676809372,1676809396,14
3Item7,1676809396,1676809412,14
3Item9,1676809412,1676809435,14
1spl1,1679398435,1679398441,15
1spl2,1679398441,1679398453,15
1Item1,1679398453,1679398457,15
1Item2,1679398457,1679398462,15
1Item3,1679398462,1679398471,15
1Item4,1679398471,1679398485,15
1Item5,1679398485,1679398496,15
1Item6,1679398496,1679398506,15
1Item7,1679398506,1679398531,15
1Item8,1679398531,1679398552,15
1Item9,1679398552,1679398564,15
1Item10,1679398564,1679398576,15
2spl1,1679398646,1679398654,15
2spl2,1679398656,1679398663,15
2Item1,1679398665,1679398670,15
2Item2,1679398672,1679398677,15
2Item3,1679398678,1679398687,15
2Item4,1679398688,1679398701,15
2Item5,1679398704,1679398710,15
2Item6,1679398711,1679398720,15
2Item7,1679398721,1679398752,15
2Item8,1679398753,1679398762,15
2Item9,1679398767,1679398776,15
2Item10,1679398777,1679398799,15
3spl1,1679398868,1679398873,15
3spl2,1679398873,1679398879,15
3Item15,1679398879,1679398891,15
3Item2,1679398891,1679398900,15
3Item5,1679398900,1679398909,15
3Item12,1679398909,1679398914,15
3Item6,1679398914,1679398920,15
3Item8,1679398920,1679398941,15
3Item7,1679398941,1679398951,15
3Item9,1679398951,1679398966,15
3Item17,1679398966,1679398970,15
3Item19,1679398970,1679398976,15
3Item11,1679398976,1679398981,15
3Item4,1679398981,1679398985,15
3Item13,1679398985,1679398989,15
3Item10,1679398989,1679398991,15
3Item14,1679398991,1679398997,15
3Item3,1679398997,1679399000,15
1spl1,1677840505,1677840511,16
1spl2,1677840511,1677840516,16
1Item1,1677840516,1677840520,16
1Item2,1677840520,1677840528,16
1Item3,1677840528,1677840538,16
1Item4,1677840538,1677840547,16
1Item5,1677840547,1677840557,16
1Item6,1677840557,1677840570,16
1Item7,1677840570,1677840578,16
1Item8,1677840578,1677840592,16
1Item9,1677840592,1677840607,16
1Item10,1677840607,1677840644,16
2spl1,1677840703,1677840712,16
2spl2,1677840714,1677840721,16
2Item1,1677840724,1677840730,16
2Item2,1677840733,1677840737,16
2Item3,1677840739,1677840743,16
2Item4,1677840744,1677840795,16
2Item5,1677840798,1677840806,16
2Item6,1677840807,1677840814,16
2Item7,1677840816,1677840829,16
2Item8,1677840831,1677840848,16
2Item9,1677840854,1677840867,16
2Item10,1677840868,1677840877,16
3spl1,1677840929,1677840933,16
3spl2,1677840933,1677840941,16
3Item15,1677840941,1677840944,16
3Item2,1677840944,1677840949,16
3Item5,1677840949,1677840950,16
3Item12,1677840950,1677840958,16
3Item6,1677840958,1677840964,16
3Item8,1677840964,1677840968,16
3Item7,1677840968,1677840977,16
3Item9,1677840977,1677840983,16
3Item17,1677840983,1677840986,16
3Item19,1677840986,1677840994,16
3Item11,1677840994,1677841002,16
3Item4,1677841002,1677841015,16
3Item13,1677841015,1677841023,16
3Item10,1677841023,1677841031,16
3Item14,1677841031,1677841037,16
3Item3,1677841037,1677841042,16
3Item20,1677841042,1677841052,16
3Item18,1677841053,1677841056,16
3Item16,1677841056,1677841061,16
1spl1,1676289129,1676289144,17
1spl2,1676289144,1676289170,17
1Item1,1676289170,1676289181,17
1Item2,1676289181,1676289212,17
1Item3,1676289212,1676289233,17
1Item4,1676289233,1676289272,17
1Item5,1676289272,1676289319,17
1Item6,1676289319,1676289339,17
1Item7,1676289339,1676289382,17
1Item8,1676289382,1676289404,17
1Item9,1676289404,1676289442,17
1Item10,1676289442,1676289464,17
2spl1,1676289575,1676289582,17
2spl2,1676289586,1676289591,17
2Item1,1676289593,1676289600,17
2Item2,1676289601,1676289609,17
2Item3,1676289610,1676289616,17
2Item4,1676289617,1676289626,17
2Item5,1676289627,1676289640,17
2Item6,1676289641,1676289650,17
2Item7,1676289651,1676289665,17
2Item8,1676289666,1676289672,17
2Item9,1676289673,1676289699,17
2Item10,1676289700,1676289708,17
3spl1,1676289778,1676289782,17
3spl2,1676289782,1676289786,17
3Item15,1676289786,1676289792,17
3Item2,1676289792,1676289796,17
3Item5,1676289796,1676289805,17
3Item12,1676289805,1676289810,17
3Item6,1676289810,1676289813,17
3Item8,1676289813,1676289824,17
3Item7,1676289824,1676289834,17
3Item9,1676289834,1676289846,17
3Item17,1676289846,1676289858,17
3Item19,1676289858,1676289873,17
3Item11,1676289873,1676289884,17
3Item4,1676289884,1676289889,17
3Item13,1676289889,1676289905,17
3Item10,1676289905,1676289906,17
1spl1,1677069023,1677069035,18
1spl2,1677069035,1677069041,18
1Item1,1677069041,1677069051,18
1Item2,1677069051,1677069063,18
1Item3,1677069063,1677069084,18
1Item4,1677069084,1677069101,18
1Item5,1677069101,1677069123,18
1Item6,1677069123,1677069159,18
1Item7,1677069159,1677069183,18
1Item8,1677069183,1677069224,18
1Item9,1677069224,1677069266,18
1Item10,1677069266,1677069306,18
2spl1,1677069443,1677069452,18
2spl2,1677069453,1677069461,18
2Item1,1677069464,1677069475,18
2Item2,1677069477,1677069484,18
2Item3,1677069486,1677069500,18
2Item4,1677069502,1677069530,18
2Item5,1677069531,1677069546,18
2Item6,1677069547,1677069593,18
2Item7,1677069595,1677069651,18
2Item8,1677069653,1677069686,18
2Item9,1677069688,1677069703,18
2Item10,1677069705,1677069752,18
3spl1,1677069873,1677069878,18
3spl2,1677069878,1677069883,18
3Item15,1677069883,1677069893,18
3Item2,1677069893,1677069898,18
3Item5,1677069898,1677069902,18
3Item12,1677069902,1677069914,18
3Item6,1677069914,1677069918,18
3Item8,1677069918,1677069925,18
3Item7,1677069925,1677069931,18
3Item9,1677069931,1677069939,18
3Item17,1677069939,1677069951,18
3Item19,1677069951,1677069960,18
3Item11,1677069960,1677069970,18
3Item4,1677069970,1677069975,18
3Item13,1677069975,1677069982,18
3Item10,1677069982,1677069989,18
3Item14,1677069989,1677069995,18
3Item3,1677069995,1677069999,18
3Item20,1677069999,1677070002,18
1spl1,1676465712,1676465723,19
1spl2,1676465723,1676465730,19
1Item1,1676465730,1676465738,19
1Item2,1676465738,1676465748,19
1Item3,1676465748,1676465771,19
1Item4,1676465771,1676465801,19
1Item5,1676465801,1676465848,19
1Item6,1676465848,1676465905,19
1Item7,1676465905,1676465925,19
1Item8,1676465925,1676465976,19
1Item9,1676465976,1676466001,19
1Item10,1676466001,1676466030,19
2spl1,1676466175,1676466185,19
2Item1,1676466240,1676466258,19
2Item2,1676466260,1676466277,19
2Item3,1676466279,1676466293,19
2Item4,1676466294,1676466325,19
2Item5,1676466326,1676466365,19
2Item6,1676466367,1676466388,19
2Item7,1676466389,1676466436,19
2Item8,1676466438,1676466464,19
2Item9,1676466465,1676466481,19
2Item10,1676466482,1676466509,19
3Item15,1676466659,1676466666,19
3Item2,1676466666,1676466670,19
3Item5,1676466670,1676466673,19
3Item12,1676466673,1676466678,19
3Item6,1676466678,1676466682,19
3Item8,1676466682,1676466702,19
3Item7,1676466702,1676466721,19
3Item9,1676466722,1676466742,19
3Item17,1676466742,1676466763,19
3Item19,1676466763,1676466778,19
1spl1,1675150987,1675150999,20
1spl2,1675150999,1675151006,20
1Item1,1675151007,1675151010,20
1Item2,1675151010,1675151017,20
1Item3,1675151017,1675151024,20
1Item4,1675151024,1675151033,20
1Item5,1675151033,1675151040,20
1Item6,1675151040,1675151046,20
1Item7,1675151046,1675151053,20
1Item8,1675151053,1675151064,20
1Item9,1675151064,1675151078,20
1Item10,1675151079,1675151087,20
2spl1,1675151155,1675151162,20
2spl2,1675151167,1675151170,20
2Item1,1675151171,1675151176,20
2Item2,1675151177,1675151181,20
2Item3,1675151182,1675151185,20
2Item4,1675151186,1675151190,20
2Item5,1675151191,1675151198,20
2Item6,1675151199,1675151204,20
2Item7,1675151205,1675151211,20
2Item8,1675151212,1675151219,20
2Item9,1675151220,1675151227,20
2Item10,1675151227,1675151236,20
3spl1,1675151303,1675151308,20
3spl2,1675151308,1675151313,20
3Item15,1675151313,1675151318,20
3Item2,1675151318,1675151321,20
3Item5,1675151321,1675151327,20
3Item12,1675151327,1675151333,20
3Item6,1675151333,1675151336,20
3Item8,1675151336,1675151341,20
3Item7,1675151341,1675151348,20
3Item9,1675151348,1675151358,20
3Item17,1675151358,1675151371,20
3Item19,1675151371,1675151379,20
3Item11,1675151379,1675151391,20
3Item4,1675151391,1675151394,20
3Item13,1675151394,1675151401,20
3Item10,1675151401,1675151407,20
3Item14,1675151407,1675151423,20
3Item3,1675151423,1675151427,20
3Item20,1675151427,1675151434,20
1spl1,1676633024,1676633032,21
1spl2,1676633033,1676633047,21
1Item1,1676633047,1676633059,21
1Item2,1676633059,1676633076,21
1Item3,1676633076,1676633111,21
1Item4,1676633111,1676633132,21
1Item5,1676633132,1676633191,21
1Item6,1676633191,1676633233,21
1Item7,1676633233,1676633267,21
1Item8,1676633267,1676633310,21
1Item9,1676633310,1676633317,21
1Item10,1676633317,1676633340,21
2spl1,1676633490,1676633506,21
2spl2,1676633510,1676633517,21
2Item1,1676633521,1676633532,21
2Item2,1676633534,1676633548,21
2Item3,1676633550,1676633562,21
2Item4,1676633563,1676633593,21
2Item5,1676633595,1676633625,21
2Item6,1676633627,1676633647,21
2Item7,1676633648,1676633702,21
2Item8,1676633703,1676633738,21
2Item9,1676633764,1676633780,21
2Item10,1676633797,1676633869,21
3spl1,1676634017,1676634023,21
3spl2,1676634023,1676634026,21
3Item15,1676634026,1676634044,21
3Item2,1676634044,1676634047,21
3Item5,1676634047,1676634050,21
3Item12,1676634050,1676634062,21
3Item6,1676634062,1676634067,21
3Item8,1676634067,1676634075,21
3Item7,1676634075,1676634080,21
3Item9,1676634080,1676634084,21
3Item17,1676634084,1676634088,21
3Item19,1676634088,1676634097,21
3Item11,1676634097,1676634102,21
3Item4,1676634102,1676634106,21
3Item13,1676634106,1676634113,21
3Item10,1676634113,1676634118,21
3Item14,1676634118,1676634121,21
3Item3,1676634121,1676634125,21
3Item20,1676634125,1676634131,21
3Item18,1676634131,1676634140,21
3Item18,1676634131,1676634136,21
1spl1,1675856334,1675856347,22
1spl2,1675856347,1675856374,22
1Item1,1675856374,1675856402,22
1Item2,1675856402,1675856430,22
1Item3,1675856430,1675856448,22
1Item4,1675856448,1675856472,22
1Item5,1675856472,1675856501,22
1Item6,1675856501,1675856549,22
1Item7,1675856549,1675856562,22
1Item8,1675856562,1675856594,22
1Item9,1675856594,1675856619,22
1Item10,1675856619,1675856666,22
2spl1,1675856741,1675856748,22
2spl2,1675856750,1675856764,22
2Item1,1675856765,1675856785,22
2Item2,1675856786,1675856811,22
2Item3,1675856812,1675856823,22
2Item4,1675856826,1675856864,22
2Item5,1675856865,1675856893,22
2Item6,1675856894,1675856920,22
2Item7,1675856921,1675856943,22
2Item8,1675856945,1675856985,22
2Item9,1675856986,1675856997,22
2Item10,1675856999,1675857037,22
3spl1,1675857112,1675857123,22
3Item15,1675857124,1675857134,22
3Item2,1675857134,1675857147,22
3Item5,1675857147,1675857165,22
3Item12,1675857165,1675857180,22
3Item6,1675857180,1675857188,22
3Item8,1675857188,1675857222,22
3Item7,1675857222,1675857238,22
3Item9,1675857238,1675857244,22
1spl1,1679919118,1679919173,23
1Item1,1679919178,1679919210,23
1Item2,1679919210,1679919240,23
1Item3,1679919240,1679919251,23
1Item4,1679919251,1679919273,23
1Item5,1679919273,1679919314,23
1Item6,1679919314,1679919354,23
1Item7,1679919355,1679919362,23
1Item8,1679919362,1679919413,23
1Item9,1679919413,1679919434,23
1Item10,1679919434,1679919463,23
2spl1,1679919624,1679919643,23
2spl2,1679919647,1679919655,23
2Item1,1679919660,1679919684,23
2Item2,1679919687,1679919716,23
2Item3,1679919720,1679919753,23
2Item4,1679919755,1679919791,23
2Item5,1679919793,1679919818,23
2Item6,1679919819,1679919856,23
2Item7,1679919858,1679919881,23
2Item8,1679919882,1679919903,23
2Item9,1679919904,1679919919,23
2Item10,1679919921,1679919958,23
3spl1,1679920065,1679920076,23
3Item15,1679920077,1679920100,23
3Item2,1679920100,1679920147,23
3Item5,1679920147,1679920165,23
3Item12,1679920165,1679920188,23
3Item6,1679920188,1679920198,23
1spl1,1676725740,1676725760,24
1spl2,1676725760,1676725771,24
1Item1,1676725771,1676725793,24
1Item2,1676725793,1676725808,24
1Item3,1676725808,1676725842,24
1Item4,1676725842,1676725878,24
1Item5,1676725878,1676725979,24
1Item6,1676725979,1676726049,24
1Item7,1676726049,1676726062,24
1Item8,1676726062,1676726070,24
1Item9,1676726070,1676726071,24
2spl1,1676726222,1676726232,24
2spl2,1676726236,1676726252,24
2Item1,1676726255,1676726266,24
2Item2,1676726268,1676726295,24
2Item3,1676726298,1676726310,24
2Item4,1676726313,1676726351,24
2Item5,1676726352,1676726359,24
2Item6,1676726361,1676726375,24
2Item7,1676726376,1676726400,24
2Item8,1676726401,1676726428,24
2Item9,1676726429,1676726450,24
2Item10,1676726451,1676726494,24
3spl1,1676726581,1676726588,24
3Item15,1676726593,1676726594,24
3Item2,1676726594,1676726605,24
3Item5,1676726605,1676726608,24
3Item12,1676726608,1676726612,24
3Item6,1676726612,1676726621,24
3Item8,1676726621,1676726638,24
3Item7,1676726638,1676726647,24
3Item9,1676726647,1676726652,24
3Item17,1676726652,1676726656,24
3Item19,1676726656,1676726659,24
3Item11,1676726659,1676726669,24
3Item4,1676726670,1676726678,24
3Item13,1676726678,1676726690,24
3Item10,1676726690,1676726692,24
3Item14,1676726692,1676726696,24
3Item3,1676726696,1676726700,24
3Item20,1676726700,1676726703,24
3Item18,1676726703,1676726708,24
3Item16,1676726708,1676726710,24
3Item1,1676726710,1676726712,24
3Item1,1676726710,1676726712,24
1spl1,1676812521,1676812532,25
1spl2,1676812532,1676812573,25
1Item1,1676812573,1676812590,25
1Item2,1676812590,1676812609,25
1Item3,1676812609,1676812635,25
1Item4,1676812635,1676812666,25
1Item5,1676812666,1676812709,25
1Item6,1676812709,1676812741,25
1Item7,1676812741,1676812777,25
1Item8,1676812777,1676812844,25
1Item9,1676812844,1676812853,25
1Item10,1676812853,1676812872,25
2spl1,1676812970,1676812976,25
2spl2,1676812978,1676812984,25
2Item1,1676812988,1676813000,25
2Item2,1676813001,1676813014,25
2Item3,1676813015,1676813023,25
2Item4,1676813024,1676813033,25
2Item5,1676813034,1676813044,25
2Item6,1676813045,1676813057,25
2Item7,1676813066,1676813119,25
2Item8,1676813120,1676813133,25
2Item9,1676813134,1676813142,25
2Item10,1676813144,1676813165,25
3spl1,1676813237,1676813241,25
3spl2,1676813241,1676813247,25
3Item15,1676813247,1676813278,25
3Item2,1676813278,1676813283,25
3Item5,1676813283,1676813298,25
3Item12,1676813298,1676813307,25
3Item6,1676813307,1676813316,25
3Item8,1676813316,1676813346,25
3Item7,1676813346,1676813361,25
3Item9,1676813361,1676813367,25
1spl1,1678800976,1678801002,26
1spl2,1678801002,1678801019,26
1Item1,1678801019,1678801049,26
1Item2,1678801049,1678801079,26
1Item3,1678801079,1678801103,26
1Item4,1678801103,1678801144,26
1Item5,1678801144,1678801192,26
1Item6,1678801192,1678801240,26
1Item7,1678801240,1678801272,26
1Item8,1678801272,1678801292,26
1Item9,1678801292,1678801319,26
2spl1,1678801409,1678801420,26
2spl2,1678801426,1678801433,26
2Item1,1678801436,1678801454,26
2Item2,1678801456,1678801488,26
2Item3,1678801489,1678801507,26
2Item4,1678801509,1678801547,26
2Item5,1678801549,1678801564,26
2Item6,1678801565,1678801593,26
2Item7,1678801594,1678801610,26
2Item8,1678801612,1678801623,26
2Item9,1678801625,1678801641,26
2Item10,1678801642,1678801666,26
3spl1,1678801719,1678801725,26
3spl2,1678801725,1678801730,26
3Item15,1678801730,1678801734,26
3Item2,1678801734,1678801739,26
3Item5,1678801739,1678801757,26
3Item12,1678801757,1678801783,26
3Item6,1678801783,1678801797,26
3Item8,1678801797,1678801827,26
3Item7,1678801827,1678801837,26
3Item9,1678801837,1678801848,26
3Item17,1678801848,1678801850,26
1spl1,1679831886,1679831896,27
1spl2,1679831896,1679831921,27
1Item1,1679831921,1679831928,27
1Item2,1679831928,1679831944,27
1Item3,1679831944,1679831967,27
1Item4,1679831967,1679831985,27
1Item5,1679831985,1679832013,27
1Item6,1679832013,1679832079,27
1Item7,1679832079,1679832121,27
1Item8,1679832121,1679832153,27
1Item9,1679832154,1679832164,27
1Item10,1679832164,1679832178,27
2spl1,1679832303,1679832311,27
2spl2,1679832314,1679832330,27
2Item1,1679832331,1679832336,27
2Item2,1679832338,1679832349,27
2Item3,1679832350,1679832357,27
2Item4,1679832358,1679832388,27
2Item5,1679832389,1679832402,27
2Item6,1679832403,1679832437,27
2Item7,1679832438,1679832464,27
2Item8,1679832465,1679832483,27
2Item9,1679832484,1679832501,27
2Item10,1679832502,1679832552,27
3spl1,1679832616,1679832621,27
3spl2,1679832621,1679832627,27
3Item15,1679832627,1679832642,27
3Item2,1679832642,1679832647,27
3Item5,1679832647,1679832657,27
3Item12,1679832657,1679832663,27
3Item6,1679832663,1679832668,27
3Item8,1679832668,1679832680,27
3Item7,1679832680,1679832688,27
3Item9,1679832688,1679832698,27
3Item17,1679832698,1679832705,27
3Item19,1679832705,1679832719,27
3Item11,1679832719,1679832724,27
3Item4,1679832724,1679832730,27
3Item13,1679832730,1679832743,27
3Item10,1679832743,1679832747,27
1spl1,1675510849,1675510858,28
1spl2,1675510858,1675510878,28
1Item1,1675510879,1675510891,28
1Item2,1675510891,1675510922,28
1Item3,1675510922,1675510947,28
1Item4,1675510947,1675510985,28
1Item5,1675510985,1675511032,28
1Item6,1675511032,1675511041,28
1Item7,1675511041,1675511059,28
1Item8,1675511060,1675511090,28
1Item9,1675511090,1675511108,28
1Item10,1675511108,1675511145,28
2spl1,1675511346,1675511354,28
2spl2,1675511357,1675511372,28
2Item1,1675511374,1675511384,28
2Item2,1675511386,1675511392,28
2Item3,1675511393,1675511414,28
2Item4,1675511415,1675511442,28
2Item5,1675511444,1675511460,28
2Item6,1675511461,1675511494,28
2Item7,1675511496,1675511548,28
2Item8,1675511549,1675511587,28
2Item9,1675511589,1675511617,28
2Item10,1675511619,1675511667,28
3spl1,1675511770,1675511774,28
3spl2,1675511774,1675511777,28
3Item15,1675511777,1675511786,28
3Item2,1675511786,1675511790,28
3Item5,1675511790,1675511799,28
3Item12,1675511799,1675511808,28
3Item6,1675511808,1675511812,28
3Item8,1675511812,1675511818,28
3Item7,1675511818,1675511834,28
3Item9,1675511834,1675511849,28
3Item17,1675511849,1675511867,28
3Item19,1675511867,1675511880,28
3Item11,1675511880,1675511886,28
3Item4,1675511886,1675511889,28
3Item13,1675511889,1675511895,28
3Item10,1675511895,1675511898,28
1spl1,1675340737,1675340745,29
1spl2,1675340746,1675340754,29
1Item1,1675340754,1675340764,29
1Item2,1675340764,1675340779,29
1Item3,1675340779,1675340789,29
1Item4,1675340789,1675340816,29
1Item5,1675340816,1675340862,29
1Item6,1675340862,1675340904,29
1Item7,1675340904,1675340937,29
1Item8,1675340937,1675340989,29
1Item9,1675340989,1675341018,29
1Item10,1675341018,1675341051,29
2spl1,1675341145,1675341152,29
2spl2,1675341154,1675341161,29
2Item1,1675341162,1675341168,29
2Item2,1675341169,1675341175,29
2Item3,1675341176,1675341183,29
2Item4,1675341184,1675341204,29
2Item5,1675341205,1675341218,29
2Item6,1675341219,1675341238,29
2Item7,1675341239,1675341317,29
2Item8,1675341318,1675341344,29
2Item9,1675341345,1675341371,29
2Item10,1675341372,1675341436,29
3spl1,1675341525,1675341532,29
3Item15,1675341538,1675341549,29
3Item2,1675341549,1675341555,29
3Item5,1675341555,1675341562,29
3Item12,1675341562,1675341569,29
3Item6,1675341569,1675341575,29
3Item8,1675341575,1675341590,29
3Item7,1675341590,1675341606,29
3Item9,1675341606,1675341632,29
3Item17,1675341632,1675341639,29
3Item19,1675341639,1675341658,29
1spl1,1676721783,1676721791,30
1spl2,1676721791,1676721803,30
1Item1,1676721803,1676721814,30
1Item2,1676721814,1676721818,30
1Item3,1676721818,1676721830,30
1Item4,1676721830,1676721858,30
1Item5,1676721858,1676721878,30
1Item6,1676721878,1676721893,30
1Item7,1676721893,1676721945,30
1Item8,1676721945,1676721974,30
1Item9,1676721974,1676722005,30
1Item10,1676722005,1676722028,30
2spl1,1676722090,1676722098,30
2spl2,1676722100,1676722110,30
2Item1,1676722112,1676722125,30
2Item2,1676722127,1676722140,30
2Item3,1676722141,1676722156,30
2Item4,1676722157,1676722204,30
2Item5,1676722205,1676722223,30
2Item6,1676722224,1676722271,30
2Item7,1676722272,1676722342,30
2Item8,1676722343,1676722363,30
2Item9,1676722364,1676722384,30
2Item10,1676722385,1676722416,30
3spl1,1676722474,1676722478,30
3Item15,1676722486,1676722491,30
3Item2,1676722491,1676722502,30
3Item5,1676722502,1676722509,30
3Item12,1676722509,1676722519,30
3Item6,1676722519,1676722524,30
3Item8,1676722524,1676722564,30
3Item7,1676722564,1676722586,30
3Item9,1676722586,1676722592,30
3Item17,1676722592,1676722603,30
3Item19,1676722603,1676722606,30
1spl1,1677158461,1677158475,31
1spl2,1677158475,1677158482,31
1Item1,1677158482,1677158492,31
1Item2,1677158492,1677158517,31
1Item3,1677158517,1677158533,31
1Item4,1677158533,1677158544,31
1Item5,1677158544,1677158568,31
1Item6,1677158568,1677158601,31
1Item7,1677158601,1677158634,31
1Item8,1677158635,1677158670,31
1Item9,1677158670,1677158714,31
1Item10,1677158714,1677158729,31
2spl1,1677158912,1677158919,31
2spl2,1677158923,1677158961,31
2Item1,1677158963,1677158974,31
2Item2,1677158975,1677159008,31
2Item3,1677159009,1677159024,31
2Item4,1677159025,1677159084,31
2Item5,1677159084,1677159092,31
2Item6,1677159093,1677159121,31
2Item7,1677159122,1677159165,31
2Item8,1677159166,1677159201,31
2Item9,1677159203,1677159230,31
2Item10,1677159231,1677159241,31
3spl1,1677159358,1677159366,31
3Item15,1677159370,1677159386,31
3Item2,1677159386,1677159393,31
3Item5,1677159394,1677159400,31
3Item12,1677159400,1677159408,31
3Item6,1677159408,1677159413,31
3Item8,1677159413,1677159431,31
3Item7,1677159431,1677159440,31
3Item9,1677159440,1677159459,31
3Item17,1677159459,1677159490,31
1spl1,1677243753,1677243760,32
1spl2,1677243760,1677243765,32
1Item1,1677243765,1677243777,32
1Item2,1677243777,1677243790,32
1Item3,1677243790,1677243818,32
1Item4,1677243818,1677243843,32
1Item5,1677243843,1677243878,32
1Item6,1677243878,1677243895,32
1Item7,1677243895,1677243910,32
1Item8,1677243910,1677243942,32
1Item9,1677243942,1677243992,32
1Item10,1677243992,1677244036,32
2spl1,1677244105,1677244118,32
2spl2,1677244123,1677244129,32
2Item1,1677244130,1677244137,32
2Item2,1677244138,1677244142,32
2Item3,1677244143,1677244171,32
2Item4,1677244173,1677244205,32
2Item5,1677244206,1677244232,32
2Item6,1677244233,1677244260,32
2Item7,1677244261,1677244288,32
2Item8,1677244289,1677244330,32
2Item9,1677244331,1677244366,32
2Item10,1677244367,1677244391,32
3spl1,1677244457,1677244466,32
3Item15,1677244469,1677244495,32
3Item2,1677244495,1677244507,32
3Item5,1677244507,1677244522,32
3Item12,1677244522,1677244538,32
3Item6,1677244538,1677244548,32
3Item8,1677244548,1677244558,32
3Item7,1677244558,1677244578,32
3Item9,1677244578,1677244586,32
3Item17,1677244586,1677244588,32
1spl1,1675945361,1675945381,33
1Item1,1675945421,1675945429,33
1Item2,1675945429,1675945443,33
1Item3,1675945443,1675945476,33
1Item4,1675945476,1675945503,33
1Item5,1675945503,1675945543,33
1Item6,1675945543,1675945571,33
1Item7,1675945571,1675945645,33
1Item8,1675945645,1675945691,33
1Item9,1675945691,1675945701,33
1Item10,1675945701,1675945721,33
2spl1,1675945789,1675945793,33
2spl2,1675945795,1675945818,33
2Item1,1675945820,1675945825,33
2Item2,1675945826,1675945839,33
2Item3,1675945840,1675945865,33
2Item4,1675945866,1675945912,33
2Item5,1675945912,1675945952,33
2Item6,1675945953,1675945966,33
2Item7,1675945985,1675946019,33
2Item8,1675946020,1675946050,33
2Item9,1675946073,1675946085,33
2Item10,1675946086,1675946140,33
3spl1,1675946191,1675946197,33
3Item15,1675946203,1675946219,33
3Item2,1675946219,1675946225,33
3Item5,1675946225,1675946233,33
3Item12,1675946233,1675946245,33
3Item6,1675946245,1675946253,33
3Item8,1675946253,1675946266,33
3Item7,1675946266,1675946280,33
3Item9,1675946280,1675946306,33
3Item17,1675946306,1675946314,33
3Item19,1675946314,1675946324,33
1spl1,1677066953,1677066973,34
1spl2,1677066973,1677067002,34
1Item1,1677067002,1677067009,34
1Item2,1677067009,1677067027,34
1Item3,1677067027,1677067027,34
1Item4,1677067027,1677067058,34
1Item5,1677067058,1677067115,34
1Item6,1677067115,1677067143,34
1Item7,1677067143,1677067160,34
1Item8,1677067160,1677067256,34
1Item9,1677067256,1677067280,34
1Item10,1677067280,1677067301,34
2spl1,1677067402,1677067412,34
2spl2,1677067415,1677067432,34
2Item1,1677067434,1677067442,34
2Item2,1677067450,1677067459,34
2Item3,1677067460,1677067470,34
2Item4,1677067471,1677067521,34
2Item5,1677067522,1677067549,34
2Item6,1677067550,1677067562,34
2Item7,1677067564,1677067590,34
2Item8,1677067591,1677067615,34
2Item9,1677067618,1677067641,34
2Item10,1677067642,1677067660,34
3spl1,1677067735,1677067743,34
3Item15,1677067747,1677067759,34
3Item2,1677067759,1677067767,34
3Item5,1677067767,1677067778,34
3Item12,1677067778,1677067787,34
3Item6,1677067787,1677067796,34
3Item8,1677067796,1677067809,34
3Item7,1677067809,1677067821,34
3Item9,1677067821,1677067831,34
3Item17,1677067831,1677067839,34
3Item19,1677067839,1677067846,34
3Item11,1677067846,1677067849,34
3Item4,1677067849,1677067851,34
3Item13,1677067851,1677067853,34
3Item10,1677067853,1677067855,34
3Item14,1677067855,1677067857,34
3Item3,1677067857,1677067862,34
3Item20,1677067862,1677067864,34
3Item18,1677067864,1677067866,34
3Item16,1677067866,1677067867,34
1spl1,1678712056,1678712067,35
1spl2,1678712067,1678712076,35
1Item1,1678712076,1678712089,35
1Item2,1678712089,1678712100,35
1Item3,1678712100,1678712122,35
1Item4,1678712122,1678712147,35
1Item5,1678712147,1678712192,35
1Item6,1678712192,1678712210,35
1Item7,1678712210,1678712239,35
1Item8,1678712239,1678712266,35
1Item9,1678712266,1678712292,35
1Item10,1678712292,1678712320,35
2spl1,1678712410,1678712417,35
2spl2,1678712419,1678712427,35
2Item1,1678712429,1678712437,35
2Item2,1678712439,1678712446,35
2Item3,1678712447,1678712454,35
2Item4,1678712455,1678712467,35
2Item5,1678712470,1678712482,35
2Item6,1678712483,1678712500,35
2Item7,1678712502,1678712532,35
2Item8,1678712534,1678712547,35
2Item9,1678712549,1678712560,35
2Item10,1678712561,1678712584,35
3spl1,1678712648,1678712653,35
3spl2,1678712653,1678712657,35
3Item15,1678712657,1678712668,35
3Item2,1678712668,1678712672,35
3Item5,1678712672,1678712675,35
3Item12,1678712675,1678712682,35
3Item6,1678712682,1678712684,35
3Item8,1678712684,1678712694,35
3Item7,1678712694,1678712705,35
3Item9,1678712705,1678712714,35
3Item17,1678712714,1678712728,35
3Item19,1678712728,1678712745,35
3Item11,1678712745,1678712759,35
3Item4,1678712759,1678712764,35
3Item13,1678712764,1678712769,35
3Item10,1678712769,1678712776,35
3Item14,1678712776,1678712778,35
1spl1,1676547666,1676547688,36
1spl2,1676547688,1676547708,36
1Item1,1676547708,1676547724,36
1Item2,1676547724,1676547747,36
1Item3,1676547747,1676547784,36
1Item4,1676547784,1676547808,36
1Item5,1676547808,1676547866,36
1Item6,1676547866,1676547898,36
1Item7,1676547898,1676547957,36
1Item8,1676547957,1676547976,36
1Item9,1676547976,1676548007,36
2spl1,1676548156,1676548166,36
2spl2,1676548167,1676548178,36
2Item1,1676548179,1676548188,36
2Item2,1676548189,1676548198,36
2Item3,1676548199,1676548206,36
2Item4,1676548207,1676548231,36
2Item5,1676548232,1676548248,36
2Item6,1676548249,1676548271,36
2Item7,1676548272,1676548299,36
2Item8,1676548315,1676548358,36
2Item9,1676548360,1676548385,36
2Item10,1676548387,1676548409,36
3spl1,1676548500,1676548507,36
3Item15,1676548512,1676548518,36
3Item2,1676548518,1676548529,36
3Item5,1676548529,1676548536,36
3Item12,1676548536,1676548543,36
3Item6,1676548543,1676548551,36
3Item8,1676548551,1676548561,36
3Item7,1676548561,1676548582,36
3Item9,1676548582,1676548606,36
3Item17,1676548606,1676548617,36
3Item19,1676548617,1676548631,36
3Item11,1676548631,1676548633,36
1spl1,1676030455,1676030473,37
1spl2,1676030473,1676030494,37
1Item1,1676030494,1676030505,37
1Item2,1676030505,1676030518,37
1Item3,1676030518,1676030532,37
1Item4,1676030532,1676030548,37
1Item5,1676030548,1676030598,37
1Item6,1676030598,1676030662,37
1Item7,1676030662,1676030696,37
1Item8,1676030696,1676030716,37
1Item9,1676030716,1676030724,37
1Item10,1676030724,1676030773,37
2spl1,1676030886,1676030894,37
2spl2,1676030897,1676030905,37
2Item1,1676030908,1676030918,37
2Item2,1676030919,1676030926,37
2Item3,1676030930,1676030936,37
2Item4,1676030937,1676030961,37
2Item5,1676030965,1676030977,37
2Item6,1676030979,1676030997,37
2Item7,1676030998,1676031016,37
2Item8,1676031018,1676031052,37
2Item9,1676031053,1676031078,37
2Item10,1676031080,1676031106,37
3spl1,1676031234,1676031243,37
3spl2,1676031243,1676031245,37
3Item15,1676031245,1676031254,37
3Item2,1676031254,1676031259,37
3Item5,1676031259,1676031263,37
3Item12,1676031263,1676031265,37
3Item6,1676031265,1676031269,37
3Item8,1676031269,1676031281,37
3Item7,1676031281,1676031301,37
3Item9,1676031301,1676031318,37
3Item17,1676031318,1676031334,37
3Item19,1676031334,1676031353,37
3Item11,1676031353,1676031362,37
3Item4,1676031362,1676031364,37
3Item13,1676031364,1676031366,37
1spl1,1676982762,1676982771,38
1spl2,1676982771,1676982779,38
1Item1,1676982779,1676982784,38
1Item2,1676982784,1676982811,38
1Item3,1676982811,1676982818,38
1Item4,1676982818,1676982826,38
1Item5,1676982826,1676982863,38
1Item6,1676982863,1676982886,38
1Item7,1676982886,1676982918,38
1Item8,1676982918,1676982983,38
1Item9,1676982983,1676983044,38
1Item10,1676983044,1676983078,38
2spl1,1676983200,1676983207,38
2spl2,1676983211,1676983215,38
2Item1,1676983222,1676983227,38
2Item2,1676983231,1676983236,38
2Item3,1676983237,1676983244,38
2Item4,1676983246,1676983260,38
2Item5,1676983262,1676983276,38
2Item6,1676983278,1676983288,38
2Item7,1676983289,1676983332,38
2Item8,1676983333,1676983388,38
2Item9,1676983389,1676983396,38
2Item10,1676983403,1676983444,38
3spl1,1676983483,1676983491,38
3Item15,1676983495,1676983507,38
3Item2,1676983507,1676983512,38
3Item5,1676983512,1676983519,38
3Item12,1676983519,1676983532,38
3Item6,1676983532,1676983538,38
3Item8,1676983538,1676983567,38
3Item7,1676983567,1676983586,38
3Item9,1676983586,1676983615,38
